Entity,Code,Year,Mismanaged waste (% global total)
China,CHN,2010,27.6966
Indonesia,IDN,2010,10.1019
Philippines,PHL,2010,5.9153
Vietnam,VNM,2010,5.7588
Sri Lanka,LKA,2010,4.9968
Thailand,THA,2010,3.2274
Egypt,EGY,2010,3.0367
Malaysia,MYS,2010,2.9419
Nigeria,NGA,2010,2.674
Bangladesh,BGD,2010,2.4725
South Africa,ZAF,2010,1.9784
India,IND,2010,1.8836
Algeria,DZA,2010,1.6347
Turkey,TUR,2010,1.526
Pakistan,PAK,2010,1.5089
Brazil,BRA,2010,1.4804
Myanmar,MMR,2010,1.4391
Morocco,MAR,2010,0.9739
North Korea,PRK,2010,0.9557
United States,USA,2010,0.8649
Senegal,SEN,2010,0.8001
Iran,IRN,2010,0.7769
Tunisia,TUN,2010,0.7358
Cote d'Ivoire,CIV,2010,0.611
Peru,PER,2010,0.6106
Yemen,YEM,2010,0.531
Syria,SYR,2010,0.4959
Argentina,ARG,2010,0.4955
Haiti,HTI,2010,0.4628
Japan,JPN,2010,0.4494
Ukraine,UKR,2010,0.4044
El Salvador,SLV,2010,0.3729
Dominican Republic,DOM,2010,0.3713
Ecuador,ECU,2010,0.3435
Venezuela,VEN,2010,0.3214
Somalia,SOM,2010,0.3188
Mexico,MEX,2010,0.3182
Honduras,HND,2010,0.3003
Trinidad and Tobago,TTO,2010,0.2954
Colombia,COL,2010,0.2895
Ghana,GHA,2010,0.2876
Guatemala,GTM,2010,0.2875
Cuba,CUB,2010,0.2846
Papua New Guinea,PNG,2010,0.2821
Nicaragua,NIC,2010,0.2651
Russia,RUS,2010,0.2536
United Kingdom,GBR,2010,0.2121
Angola,AGO,2010,0.1964
Comoros,COM,2010,0.1822
Liberia,LBR,2010,0.1781
Mauritius,MUS,2010,0.176
Libya,LBY,2010,0.1657
Fiji,FJI,2010,0.1547
Tanzania,TZA,2010,0.1526
Lebanon,LBN,2010,0.1502
Mozambique,MOZ,2010,0.1444
Spain,ESP,2010,0.144
Taiwan,TWN,2010,0.1436
Benin,BEN,2010,0.1351
Costa Rica,CRI,2010,0.1322
Guyana,GUY,2010,0.1319
Sierra Leone,SLE,2010,0.1143
Togo,TGO,2010,0.1112
Madagascar,MDG,2010,0.1084
Panama,PAN,2010,0.108
South Korea,KOR,2010,0.106
Italy,ITA,2010,0.1029
Maldives,MDV,2010,0.0988
Germany,DEU,2010,0.0981
Albania,ALB,2010,0.0933
Cambodia,KHM,2010,0.0932
Hong Kong,HKG,2010,0.0895
Cameroon,CMR,2010,0.087
Netherlands,NLD,2010,0.087
France,FRA,2010,0.0757
Sudan,SDN,2010,0.072
Kenya,KEN,2010,0.0712
Vanuatu,VUT,2010,0.0706
Chile,CHL,2010,0.0683
Uruguay,URY,2010,0.0677
Saudi Arabia,SAU,2010,0.0645
Solomon Islands,SLB,2010,0.064
Guinea-Bissau,GNB,2010,0.0636
Gambia,GMB,2010,0.0616
Israel,ISR,2010,0.0597
Bulgaria,BGR,2010,0.0588
Guinea,GIN,2010,0.0581
Djibouti,DJI,2010,0.0544
Congo,COG,2010,0.0527
Puerto Rico,PRI,2010,0.0519
Croatia,HRV,2010,0.0517
Portugal,PRT,2010,0.0515
Eritrea,ERI,2010,0.0511
Poland,POL,2010,0.0493
Iraq,IRQ,2010,0.0489
Democratic Republic of Congo,COD,2010,0.0478
Georgia,GEO,2010,0.0454
Greece,GRC,2010,0.0447
Australia,AUS,2010,0.0436
Mauritania,MRT,2010,0.0435
Bosnia and Herzegovina,BIH,2010,0.0407
Ireland,IRL,2010,0.0368
Kuwait,KWT,2010,0.0361
Latvia,LVA,2010,0.0323
Jamaica,JAM,2010,0.0315
Cape Verde,CPV,2010,0.0294
New Zealand,NZL,2010,0.0292
Norway,NOR,2010,0.0264
Canada,CAN,2010,0.025
Saint Lucia,LCA,2010,0.0211
Tonga,TON,2010,0.0208
Guadeloupe,GLP,2010,0.0206
Singapore,SGP,2010,0.0203
Gabon,GAB,2010,0.0191
Equatorial Guinea,GNQ,2010,0.0188
Estonia,EST,2010,0.0188
Palestine,PSE,2010,0.0176
Namibia,NAM,2010,0.0172
Samoa,WSM,2010,0.0161
Sao Tome and Principe,STP,2010,0.016
Finland,FIN,2010,0.0157
Micronesia (country),FSM,2010,0.0151
Oman,OMN,2010,0.0146
Seychelles,SYC,2010,0.0145
Montenegro,MNE,2010,0.0139
Bahrain,BHR,2010,0.0137
Suriname,SUR,2010,0.0124
Belize,BLZ,2010,0.0122
Romania,ROU,2010,0.0113
Barbados,BRB,2010,0.0109
Lithuania,LTU,2010,0.0109
Marshall Islands,MHL,2010,0.01
Kiribati,KIR,2010,0.0096
United Arab Emirates,ARE,2010,0.0095
Belgium,BEL,2010,0.0086
Malta,MLT,2010,0.0082
French Guiana,GUF,2010,0.0074
Grenada,GRD,2010,0.0071
Saint Vincent and the Grenadines,VCT,2010,0.007
Sweden,SWE,2010,0.0068
Cyprus,CYP,2010,0.0057
Denmark,DNK,2010,0.0056
Jordan,JOR,2010,0.0055
Bahamas,BHS,2010,0.0042
French Polynesia,PYF,2010,0.004
Antigua,ATG,2010,0.0039
Reunion,REU,2010,0.0027
Dominica,DMA,2010,0.0025
Martinique,MTQ,2010,0.0024
Qatar,QAT,2010,0.0024
Macao,MAC,2010,0.0022
Palau,PLW,2010,0.0022
Saint Kitts and Nevis,KNA,2010,0.0022
Iceland,ISL,2010,0.0019
Nauru,NRU,2010,0.0017
Slovenia,SVN,2010,0.0017
New Caledonia,NCL,2010,0.0015
Tuvalu,TUV,2010,0.0014
Cook Islands,COK,2010,0.0013
Netherlands Antilles,ANT,2010,0.0013
Aruba,ABW,2010,0.0012
Guam,GUM,2010,0.0012
Channel Islands,OWID_CIS,2010,0.0009
Curacao,CUW,2010,0.0008
Northern Mariana Islands,MNP,2010,0.0007
Bermuda,BMU,2010,0.0004
Brunei,BRN,2010,0.0003
Cayman Islands,CYM,2010,0.0003
Faeroe Islands,FRO,2010,0.0003
Greenland,GRL,2010,0.0003
Guernsey,GGY,2010,0.0003
Saint Helena,SHN,2010,0.0003
Anguilla,AIA,2010,0.0002
British Virgin Islands,VGB,2010,0.0002
Gibraltar,GIB,2010,0.0002
Monaco,MCO,2010,0.0002
Norfolk Island,NFK,2010,0.0002
Sint Maarten (Dutch part),SXM,2010,0.0002
Turks and Caicos Islands,TCA,2010,0.0002
Montserrat,MSR,2010,0.0001
Tokelau,TKL,2010,0.0001
Christmas Island,CXR,2010,0
Cocos Islands,CCK,2010,0
Falkland Islands,FLK,2010,0
Niue,NIU,2010,0
Saint Pierre and Miquelon,SPM,2010,0